{
    "sessions": [
        {
            "didAccept": false,
            "forceAcceptAtRemainingTurns": 0,
            "isGood": true,
            "progressAtFinish": 0.933292138671875,
            "topBidsPercentage": 0.0033333333333333335,
            "utilityAtFinish": 0.9472565835
        },
        {
            "didAccept": false,
            "forceAcceptAtRemainingTurns": 0,
            "isGood": true,
            "progressAtFinish": 0.91854296875,
            "topBidsPercentage": 0.0033333333333333335,
            "utilityAtFinish": 0.9446238176
        },
        {
            "didAccept": false,
            "forceAcceptAtRemainingTurns": 0,
            "isGood": true,
            "progressAtFinish": 0.9102955078125,
            "topBidsPercentage": 0.0033333333333333335,
            "utilityAtFinish": 0.9030149314
        },
        {
            "didAccept": false,
            "forceAcceptAtRemainingTurns": 0,
            "isGood": true,
            "progressAtFinish": 0.848887451171875,
            "topBidsPercentage": 0.0033333333333333335,
            "utilityAtFinish": 0.9365422407
        }
    ]
}